{"cameraMode":{"drawMode":0,"name":"Shaded","section":"Shading Mode"},"sceneLighting":false,"audioPlay":false,"sceneViewState":{"m_AlwaysRefresh":false,"showFog":true,"showSkybox":false,"showFlares":true,"showImageEffects":true,"showParticleSystems":true,"showVisualEffectGraphs":true,"m_FxEnabled":true},"in2DMode":false,"pivot":{"x":-0.8378095626831055,"y":5.389999866485596,"z":51.575321197509769},"rotation":{"x":-0.037809547036886218,"y":-0.9611465334892273,"z":0.20358122885227204,"w":-0.18406325578689576},"size":8.550949096679688,"orthographic":false}